sbd,ketqua
1380162,Trúng tuyển
1380202,Trúng tuyển
1380281,Trúng tuyển
1120115,Trúng tuyển
1120695,Trúng tuyển
1120121,Trúng tuyển
1380465,Trúng tuyển
1120134,Trúng tuyển
1120732,Trúng tuyển
1120001,Trúng tuyển
1120078,Trúng tuyển
1380551,Trúng tuyển
1120709,Trúng tuyển
1120706,Trúng tuyển
1120086,Trúng tuyển
1120072,Trúng tuyển
1120036,Trúng tuyển
1120690,Trúng tuyển
1380054,Trúng tuyển
1380158,Trúng tuyển
1380291,Trúng tuyển
1380621,Trúng tuyển
1380502,Trúng tuyển
1120157,Trúng tuyển
1120163,Trúng tuyển
1120164,Trúng tuyển
1120658,Trúng tuyển
1380634,Trúng tuyển
1120107,Trúng tuyển
1120675,Trúng tuyển
1120645,Trúng tuyển
1380222,Trúng tuyển
1120291,Trúng tuyển
1380461,Trúng tuyển
1380463,Trúng tuyển
1120128,Trúng tuyển
1120673,Trúng tuyển
1120154,Trúng tuyển
1380626,Trúng tuyển
1120081,Trúng tuyển
1120187,Trúng tuyển
1120287,Trúng tuyển
1380377,Trúng tuyển
1380421,Trúng tuyển
1120638,Trúng tuyển
1380083,Trúng tuyển
1380346,Trúng tuyển
1380429,Trúng tuyển
1120009,Trúng tuyển
1120143,Trúng tuyển
1120144,Trúng tuyển
1120043,Trúng tuyển
1120079,Trúng tuyển
1120110,Trúng tuyển
1380088,Trúng tuyển
1380445,Trúng tuyển
1380410,Trúng tuyển
1120680,Trúng tuyển
1120160,Trúng tuyển
1120302,Trúng tuyển
1120687,Trúng tuyển
1120693,Trúng tuyển
1120040,Trúng tuyển
1120254,Trúng tuyển
1120707,Trúng tuyển
1120728,Trúng tuyển
1380050,Trúng tuyển
1120297,Trúng tuyển
1120098,Trúng tuyển
1380101,Trúng tuyển
1380602,Trúng tuyển
1120723,Trúng tuyển
1120061,Trúng tuyển
1120097,Trúng tuyển
1120648,Trúng tuyển
1380200,Trúng tuyển
1120109,Trúng tuyển
1120288,Trúng tuyển
1120437,Trúng tuyển
1380383,Trúng tuyển
1380598,Trúng tuyển
1120064,Trúng tuyển
1120090,Trúng tuyển
1120149,Trúng tuyển
1120309,Trúng tuyển
1380198,Trúng tuyển
1380274,Trúng tuyển
1120684,Trúng tuyển
1120721,Trúng tuyển
1380103,Trúng tuyển
1380546,Trúng tuyển
1120068,Trúng tuyển
1120701,Trúng tuyển
1120042,Trúng tuyển
1120075,Trúng tuyển
1120091,Trúng tuyển
1120178,Trúng tuyển
1380249,Trúng tuyển
1120216,Trúng tuyển
1120697,Trúng tuyển
1120736,Trúng tuyển
1120167,Trúng tuyển
1120051,Trúng tuyển
1120138,Trúng tuyển
1380552,Trúng tuyển
1120676,Trúng tuyển
1120729,Trúng tuyển
1120662,Trúng tuyển
1120276,Trúng tuyển
1120530,Trúng tuyển
1120719,Trúng tuyển
1380057,Trúng tuyển
1120018,Trúng tuyển
1120065,Trúng tuyển
1120073,Trúng tuyển
1120189,Trúng tuyển
1120208,Trúng tuyển
1380026,Trúng tuyển
1120045,Trúng tuyển
1120151,Trúng tuyển
1120609,Trúng tuyển
1380001,Trúng tuyển
1380006,Trúng tuyển
1380344,Trúng tuyển
1380262,Trúng tuyển
1120717,Trúng tuyển
1380229,Trúng tuyển
1380318,Trúng tuyển
1380431,Trúng tuyển
1120101,Trúng tuyển
1120515,Trúng tuyển
1380035,Trúng tuyển
1120028,Trúng tuyển
1120035,Trúng tuyển
1380224,Trúng tuyển
1120125,Trúng tuyển
1380188,Trúng tuyển
1120245,Trúng tuyển
1120741,Trúng tuyển
1380002,Trúng tuyển
1380313,Trúng tuyển
1380543,Trúng tuyển
1380653,Trúng tuyển
1120156,Trúng tuyển
1120388,Trúng tuyển
1120284,Trúng tuyển
1120708,Trúng tuyển
1120654,Trúng tuyển
1120661,Trúng tuyển
1380061,Trúng tuyển
1380208,Trúng tuyển
1120046,Trúng tuyển
1120244,Trúng tuyển
1380114,Trúng tuyển
1380514,Trúng tuyển
1120152,Trúng tuyển
1380589,Trúng tuyển
1120649,Trúng tuyển
1380366,Trúng tuyển
1380171,Trúng tuyển
1380542,Trúng tuyển
1120076,Trúng tuyển
1380079,Trúng tuyển
1120053,Trúng tuyển
1380003,Trúng tuyển
1380086,Trúng tuyển
1380272,Trúng tuyển
1380032,Trúng tuyển
1380246,Trúng tuyển
1380365,Trúng tuyển
1120304,Trúng tuyển
1380157,Trúng tuyển
1380578,Trúng tuyển
1380606,Trúng tuyển
1120282,Trúng tuyển
1380290,Trúng tuyển
1120145,Trúng tuyển
1120352,Trúng tuyển
1380491,Trúng tuyển
1380529,Trúng tuyển
1380651,Trúng tuyển
1120103,Trúng tuyển
1120136,Trúng tuyển
1120264,Trúng tuyển
1120415,Trúng tuyển
1120633,Trúng tuyển
1380396,Trúng tuyển
1120206,Trúng tuyển
1380146,Trúng tuyển
1380263,Trúng tuyển
1380271,Trúng tuyển
1380516,Trúng tuyển
1380564,Trúng tuyển
1120004,Trúng tuyển
1120052,Trúng tuyển
1120057,Trúng tuyển
1120253,Trúng tuyển
1380071,Trúng tuyển
1380100,Trúng tuyển
1380513,Trúng tuyển
1380624,Trúng tuyển
1120027,Trúng tuyển
1120127,Trúng tuyển
1120279,Trúng tuyển
1380260,Trúng tuyển
1380276,Trúng tuyển
1380390,Trúng tuyển
1120215,Trúng tuyển
1120379,Trúng tuyển
1380610,Trúng tuyển
1380655,Trúng tuyển
1120047,Trúng tuyển
1120126,Trúng tuyển
1120324,Trúng tuyển
1120443,Trúng tuyển
1120500,Trúng tuyển
1380247,Trúng tuyển
1380527,Trúng tuyển
1380446,Trúng tuyển
1380595,Trúng tuyển
1120307,Trúng tuyển
1380110,Trúng tuyển
1120003,Trúng tuyển
1120070,Trúng tuyển
1380021,Trúng tuyển
1380163,Trúng tuyển
1380252,Trúng tuyển
1380400,Trúng tuyển
1380014,Trúng tuyển
1380240,Trúng tuyển
1380286,Trúng tuyển
1380501,Trúng tuyển
1380587,Trúng tuyển
1120158,Trúng tuyển
1120170,Trúng tuyển
1380270,Trúng tuyển
1380298,Trúng tuyển
1380575,Trúng tuyển
1380627,Trúng tuyển
1120141,Trúng tuyển
1120436,Trúng tuyển
1380197,Trúng tuyển
1380214,Trúng tuyển
1380287,Trúng tuyển
1380536,Trúng tuyển
1380607,Trúng tuyển
1380632,Trúng tuyển
1120074,Trúng tuyển
1120365,Trúng tuyển
1380049,Trúng tuyển
1380269,Trúng tuyển
1380418,Trúng tuyển
1380572,Trúng tuyển
1380183,Trúng tuyển
1380185,Trúng tuyển
1380216,Trúng tuyển
1120150,Trúng tuyển
1120225,Trúng tuyển
1120251,Trúng tuyển
1380321,Trúng tuyển
1120511,Trúng tuyển
1120112,Trúng tuyển
1380662,Trúng tuyển
1120041,Trúng tuyển
1120275,Trúng tuyển
1120524,Trúng tuyển
1380280,Trúng tuyển
1380414,Trúng tuyển
1120108,Trúng tuyển
1120137,Trúng tuyển
1120467,Trúng tuyển
1380317,Trúng tuyển
1120450,Trúng tuyển
1380073,Trúng tuyển
1380205,Trúng tuyển
1380478,Trúng tuyển
1120214,Trúng tuyển
1120257,Trúng tuyển
1380180,Trúng tuyển
1380331,Trúng tuyển
1380569,Trúng tuyển
1380608,Trúng tuyển
1120030,Trúng tuyển
1120119,Trúng tuyển
1120159,Trúng tuyển
1120478,Trúng tuyển
1380010,Trúng tuyển
1380539,Trúng tuyển
1120242,Trúng tuyển
1380360,Trúng tuyển
1380407,Trúng tuyển
1380618,Trúng tuyển
1120069,Trúng tuyển
1120155,Trúng tuyển
1380339,Trúng tuyển
1380415,Trúng tuyển
1120726,Trúng tuyển
1120117,Trúng tuyển
1120722,Trúng tuyển
1120417,Trúng tuyển
1380034,Trúng tuyển
1380084,Trúng tuyển
1380210,Trúng tuyển
1380251,Trúng tuyển
1380505,Trúng tuyển
1120193,Trúng tuyển
1120267,Trúng tuyển
1120446,Trúng tuyển
1380217,Trúng tuyển
1380371,Trúng tuyển
1380440,Trúng tuyển
1380490,Trúng tuyển
1380503,Trúng tuyển
1380547,Trúng tuyển
1120089,Trúng tuyển
1120124,Trúng tuyển
1120133,Trúng tuyển
1380374,Trúng tuyển
1380427,Trúng tuyển
1120476,Trúng tuyển
1380038,Trúng tuyển
1380096,Trúng tuyển
1380458,Trúng tuyển
1120462,Trúng tuyển
1380434,Trúng tuyển
1380230,Trúng tuyển
1380472,Trúng tuyển
1380483,Trúng tuyển
1120131,Trúng tuyển
1380378,Trúng tuyển
1380571,Trúng tuyển
1380591,Trúng tuyển
1380600,Trúng tuyển
1120235,Trúng tuyển
1380124,Trúng tuyển
1380004,Trúng tuyển
1380085,Trúng tuyển
1380177,Trúng tuyển
1380193,Trúng tuyển
1380361,Trúng tuyển
1380549,Trúng tuyển
1120539,Trúng tuyển
1120250,Trúng tuyển
1380544,Trúng tuyển
1120228,Trúng tuyển
1120538,Trúng tuyển
1380011,Trúng tuyển
1380082,Trúng tuyển
1380320,Trúng tuyển
1380353,Trúng tuyển
1380444,Trúng tuyển
1120356,Trúng tuyển
1380005,Trúng tuyển
1380473,Trúng tuyển
1380486,Trúng tuyển
1380077,Trúng tuyển
1380384,Trúng tuyển
1380394,Trúng tuyển
1120411,Trúng tuyển
1380152,Trúng tuyển
1380521,Trúng tuyển
1380562,Trúng tuyển
1120601,Trúng tuyển
1120249,Trúng tuyển
1120372,Trúng tuyển
1120507,Trúng tuyển
1380375,Trúng tuyển
1120528,Trúng tuyển
1120595,Trúng tuyển
1380585,Trúng tuyển
1380633,Trúng tuyển
1380264,Trúng tuyển
1380497,Trúng tuyển
1380515,Trúng tuyển
1120165,Trúng tuyển
1120184,Trúng tuyển
1120459,Trúng tuyển
1380122,Trúng tuyển
1120510,Trúng tuyển
1380225,Trúng tuyển
1380319,Trúng tuyển
1380385,Trúng tuyển
1380409,Trúng tuyển
1380599,Trúng tuyển
1380619,Trúng tuyển
1120166,Trúng tuyển
1120522,Trúng tuyển
1380043,Trúng tuyển
1380087,Trúng tuyển
1380174,Trúng tuyển
1380292,Trúng tuyển
1380442,Trúng tuyển
1380622,Trúng tuyển
1120286,Trúng tuyển
1120394,Trúng tuyển
1380147,Trúng tuyển
1380466,Trúng tuyển
1380507,Trúng tuyển
1120484,Trúng tuyển
1380097,Trúng tuyển
1120536,Trúng tuyển
1120537,Trúng tuyển
1380402,Trúng tuyển
1120492,Trúng tuyển
1120038,Trúng tuyển
1120212,Trúng tuyển
1120238,Trúng tuyển
1120493,Trúng tuyển
1380115,Trúng tuyển
1380362,Trúng tuyển
1380441,Trúng tuyển
1120234,Trúng tuyển
1380098,Trúng tuyển
1380127,Trúng tuyển
1380207,Trúng tuyển
1380242,Trúng tuyển
1380306,Trúng tuyển
1120521,Trúng tuyển
1120230,Trúng tuyển
1120570,Trúng tuyển
1380009,Trúng tuyển
1380070,Trúng tuyển
1380164,Trúng tuyển
1380186,Trúng tuyển
1380530,Trúng tuyển
1120021,Trúng tuyển
1380221,Trúng tuyển
1380482,Trúng tuyển
1380567,Trúng tuyển
1380603,Trúng tuyển
1120363,Trúng tuyển
1120486,Trúng tuyển
1120547,Trúng tuyển
1120232,Trúng tuyển
1120347,Trúng tuyển
1380137,Trúng tuyển
1380601,Trúng tuyển
1380641,Trúng tuyển
1380199,Trúng tuyển
1120278,Trúng tuyển
1120616,Trúng tuyển
1380078,Trúng tuyển
1380398,Trúng tuyển
1380404,Trúng tuyển
1380523,Trúng tuyển
1380044,Trúng tuyển
1380102,Trúng tuyển
1380424,Trúng tuyển
1380506,Trúng tuyển
1380520,Trúng tuyển
1380647,Trúng tuyển
1380190,Trúng tuyển
1120171,Trúng tuyển
1380267,Trúng tuyển
1380408,Trúng tuyển
1380553,Trúng tuyển
1380638,Trúng tuyển
1120207,Trúng tuyển
1120345,Trúng tuyển
1380018,Trúng tuyển
1380616,Trúng tuyển
1120255,Trúng tuyển
1120442,Trúng tuyển
1380302,Trúng tuyển
1380395,Trúng tuyển
1380439,Trúng tuyển
1120256,Trúng tuyển
1380074,Trúng tuyển
1380144,Trúng tuyển
1380266,Trúng tuyển
1120431,Trúng tuyển
1120495,Trúng tuyển
1380140,Trúng tuyển
1120392,Trúng tuyển
1120540,Trúng tuyển
1380058,Trúng tuyển
1380315,Trúng tuyển
1380397,Trúng tuyển
1380574,Trúng tuyển
1380593,Trúng tuyển
1380623,Trúng tuyển
1120498,Trúng tuyển
1120553,Trúng tuyển
1120679,Trúng tuyển
1380028,Trúng tuyển
1380169,Trúng tuyển
1380557,Trúng tuyển
1120290,Trúng tuyển
1380065,Trúng tuyển
1380125,Trúng tuyển
1380226,Không trúng tuyển
1380282,Trúng tuyển
1380312,Trúng tuyển
1120246,Không trúng tuyển
1380232,Không trúng tuyển
1380255,Không trúng tuyển
1380357,Không trúng tuyển
1380570,Không trúng tuyển
1380628,Không trúng tuyển
1120590,Không trúng tuyển
1380181,Không trúng tuyển
1380182,Không trúng tuyển
1380388,Không trúng tuyển
1380403,Không trúng tuyển
1380428,Không trúng tuyển
1380508,Không trúng tuyển
1380554,Không trúng tuyển
1380649,Không trúng tuyển
1120517,Không trúng tuyển
1120122,Không trúng tuyển
1380413,Không trúng tuyển
1120424,Không trúng tuyển
1120691,Không trúng tuyển
1380029,Không trúng tuyển
1380132,Không trúng tuyển
1380211,Không trúng tuyển
1380234,Không trúng tuyển
1380644,Không trúng tuyển
1120546,Không trúng tuyển
1380106,Không trúng tuyển
1380113,Không trúng tuyển
1380165,Không trúng tuyển
1380283,Không trúng tuyển
1380438,Không trúng tuyển
1120301,Không trúng tuyển
1120334,Không trúng tuyển
1380037,Không trúng tuyển
1380154,Không trúng tuyển
1380235,Không trúng tuyển
1380468,Không trúng tuyển
1380555,Không trúng tuyển
1380659,Không trúng tuyển
1120263,Không trúng tuyển
1120545,Không trúng tuyển
1380105,Không trúng tuyển
1380168,Không trúng tuyển
1380219,Không trúng tuyển
1380243,Không trúng tuyển
1380316,Không trúng tuyển
1380341,Không trúng tuyển
1120294,Không trúng tuyển
1120490,Không trúng tuyển
1380294,Không trúng tuyển
1380639,Không trúng tuyển
1380326,Không trúng tuyển
1380045,Không trúng tuyển
1380076,Không trúng tuyển
1380279,Không trúng tuyển
1120479,Không trúng tuyển
1120273,Không trúng tuyển
1120572,Không trúng tuyển
1380111,Không trúng tuyển
1380338,Không trúng tuyển
1380456,Không trúng tuyển
1380460,Không trúng tuyển
1380534,Không trúng tuyển
1120480,Không trúng tuyển
1120222,Không trúng tuyển
1120349,Không trúng tuyển
1120371,Không trúng tuyển
1120514,Không trúng tuyển
1380042,Không trúng tuyển
1380108,Không trúng tuyển
1380109,Không trúng tuyển
1380406,Không trúng tuyển
1380479,Không trúng tuyển
1120473,Không trúng tuyển
1120569,Không trúng tuyển
1380016,Không trúng tuyển
1380209,Không trúng tuyển
1380248,Không trúng tuyển
1380560,Không trúng tuyển
1120180,Không trúng tuyển
1120181,Không trúng tuyển
1120378,Không trúng tuyển
1380022,Không trúng tuyển
1380123,Không trúng tuyển
1380254,Không trúng tuyển
1380437,Không trúng tuyển
1380131,Không trúng tuyển
1380253,Không trúng tuyển
1380284,Không trúng tuyển
1380376,Không trúng tuyển
1380411,Không trúng tuyển
1380531,Không trúng tuyển
1120082,Không trúng tuyển
1380013,Không trúng tuyển
1380533,Không trúng tuyển
1380566,Không trúng tuyển
1120573,Không trúng tuyển
1380143,Không trúng tuyển
1380278,Không trúng tuyển
1380462,Không trúng tuyển
1380563,Không trúng tuyển
1380583,Không trúng tuyển
1120350,Không trúng tuyển
1380399,Không trúng tuyển
1380426,Không trúng tuyển
1380609,Không trúng tuyển
1380630,Không trúng tuyển
1380130,Không trúng tuyển
1380172,Không trúng tuyển
1380556,Không trúng tuyển
1380605,Không trúng tuyển
1120456,Không trúng tuyển
1380325,Không trúng tuyển
1380343,Không trúng tuyển
1120428,Không trúng tuyển
1120468,Không trúng tuyển
1380151,Không trúng tuyển
1380215,Không trúng tuyển
1380337,Không trúng tuyển
1380017,Không trúng tuyển
1380094,Không trúng tuyển
1120382,Không trúng tuyển
1380457,Không trúng tuyển
1380620,Không trúng tuyển
1380636,Không trúng tuyển
1120389,Không trúng tuyển
1380273,Không trúng tuyển
1380453,Không trúng tuyển
1380614,Không trúng tuyển
1120196,Không trúng tuyển
1380295,Không trúng tuyển
1120404,Không trúng tuyển
1120422,Không trúng tuyển
1380133,Không trúng tuyển
1380161,Không trúng tuyển
1380334,Không trúng tuyển
1380389,Không trúng tuyển
1380436,Không trúng tuyển
1380658,Không trúng tuyển
1120198,Không trúng tuyển
1380259,Không trúng tuyển
1380382,Không trúng tuyển
1380509,Không trúng tuyển
1380597,Không trúng tuyển
1380064,Không trúng tuyển
1380372,Không trúng tuyển
1380573,Không trúng tuyển
1120293,Không trúng tuyển
1120328,Không trúng tuyển
1380493,Không trúng tuyển
1380535,Không trúng tuyển
1380156,Không trúng tuyển
1380148,Không trúng tuyển
1380333,Không trúng tuyển
1380455,Không trúng tuyển
1380524,Không trúng tuyển
1380596,Không trúng tuyển
1380615,Không trúng tuyển
1120358,Không trúng tuyển
1380236,Không trúng tuyển
1380367,Không trúng tuyển
1380643,Không trúng tuyển
1120568,Không trúng tuyển
1380201,Không trúng tuyển
1380417,Không trúng tuyển
1380548,Không trúng tuyển
1380296,Không trúng tuyển
1380301,Không trúng tuyển
1380363,Không trúng tuyển
1380576,Không trúng tuyển
1380179,Không trúng tuyển
1120320,Không trúng tuyển
1120330,Không trúng tuyển
1380047,Không trúng tuyển
1380092,Không trúng tuyển
1380327,Không trúng tuyển
1380435,Không trúng tuyển
1380069,Không trúng tuyển
1380392,Không trúng tuyển
1380481,Không trúng tuyển
1380469,Không trúng tuyển
1380586,Không trúng tuyển
1380656,Không trúng tuyển
1120496,Không trúng tuyển
1380072,Không trúng tuyển
1380160,Không trúng tuyển
1380405,Không trúng tuyển
1380485,Không trúng tuyển
1380487,Không trúng tuyển
1380056,Không trúng tuyển
1380451,Không trúng tuyển
1120552,Không trúng tuyển
1120240,Không trúng tuyển
1120335,Không trúng tuyển
1380454,Không trúng tuyển
1380480,Không trúng tuyển
1380107,Không trúng tuyển
1380381,Không trúng tuyển
1380537,Không trúng tuyển
1380036,Không trúng tuyển
1380191,Không trúng tuyển
1380592,Không trúng tuyển
1380646,Không trúng tuyển
1380066,Không trúng tuyển
1380120,Không trúng tuyển
1380206,Không trúng tuyển
1120188,Không trúng tuyển
1120270,Không trúng tuyển
1380303,Không trúng tuyển
1380364,Không trúng tuyển
1380448,Không trúng tuyển
1380492,Không trúng tuyển
1380062,Không trúng tuyển
1380474,Không trúng tuyển
1120497,Không trúng tuyển
1380416,Không trúng tuyển
1380471,Không trúng tuyển
1120375,Không trúng tuyển
1120408,Không trúng tuyển
1120575,Không trúng tuyển
1380060,Không trúng tuyển
1380233,Không trúng tuyển
1380257,Không trúng tuyển
1380268,Không trúng tuyển
1380330,Không trúng tuyển
1380412,Không trúng tuyển
1380637,Không trúng tuyển
1120425,Không trúng tuyển
1120559,Không trúng tuyển
1380500,Không trúng tuyển
1380517,Không trúng tuyển
1380008,Không trúng tuyển
1380139,Không trúng tuyển
1380538,Không trúng tuyển
1380370,Không trúng tuyển
1380025,Không trúng tuyển
1380258,Không trúng tuyển
1380373,Không trúng tuyển
1380430,Không trúng tuyển
1380613,Không trúng tuyển
1120395,Không trúng tuyển
1380052,Không trúng tuyển
1380081,Không trúng tuyển
1380093,Không trúng tuyển
1380138,Không trúng tuyển
1380256,Không trúng tuyển
1120564,Không trúng tuyển
1380031,Không trúng tuyển
1380310,Không trúng tuyển
1380342,Không trúng tuyển
1380657,Không trúng tuyển
1120585,Không trúng tuyển
1120399,Không trúng tuyển
1380134,Không trúng tuyển
1380380,Không trúng tuyển
1380522,Không trúng tuyển
1380611,Không trúng tuyển
1120427,Không trúng tuyển
1120452,Không trúng tuyển
1380119,Không trúng tuyển
1380351,Không trúng tuyển
1380359,Không trúng tuyển
1380660,Không trúng tuyển
1380297,Không trúng tuyển
1380311,Không trúng tuyển
1380449,Không trúng tuyển
1120393,Không trúng tuyển
1120549,Không trúng tuyển
1380369,Không trúng tuyển
1380476,Không trúng tuyển
1380582,Không trúng tuyển
1120607,Không trúng tuyển
1380189,Không trúng tuyển
1380464,Không trúng tuyển
1120409,Không trúng tuyển
1380091,Không trúng tuyển
1380095,Không trúng tuyển
1380145,Không trúng tuyển
1380532,Không trúng tuyển
1380559,Không trúng tuyển
1380631,Không trúng tuyển
1380648,Không trúng tuyển
1380129,Không trúng tuyển
1380220,Không trúng tuyển
1380489,Không trúng tuyển
1380504,Không trúng tuyển
1380650,Không trúng tuyển
1380067,Không trúng tuyển
1380175,Không trúng tuyển
1380288,Không trúng tuyển
1380568,Không trúng tuyển
1120377,Không trúng tuyển
1380012,Không trúng tuyển
1380227,Không trúng tuyển
1380345,Không trúng tuyển
1380393,Không trúng tuyển
1380420,Không trúng tuyển
1380020,Không trúng tuyển
1380348,Không trúng tuyển
1380512,Không trúng tuyển
1120594,Không trúng tuyển
1380579,Không trúng tuyển
1120010,Không trúng tuyển
1380075,Không trúng tuyển
1380104,Không trúng tuyển
1380121,Không trúng tuyển
1380187,Không trúng tuyển
1380155,Không trúng tuyển
1380024,Không trúng tuyển
1380228,Không trúng tuyển
1380625,Không trúng tuyển
1380352,Không trúng tuyển
1380041,Không trúng tuyển
1380299,Không trúng tuyển
1380386,Không trúng tuyển
1380204,Không trúng tuyển
1380245,Không trúng tuyển
1380588,Không trúng tuyển
1380652,Không trúng tuyển
1380477,Không trúng tuyển
1380654,Không trúng tuyển
1120556,Không trúng tuyển
1380116,Không trúng tuyển
1380379,Không trúng tuyển
1380063,Không trúng tuyển
1380118,Không trúng tuyển
1380459,Không trúng tuyển
1380467,Không trúng tuyển
1380496,Không trúng tuyển
1380580,Không trúng tuyển
1120346,Không trúng tuyển
1380089,Không trúng tuyển
1380192,Không trúng tuyển
1380545,Không trúng tuyển
1380203,Không trúng tuyển
1380324,Không trúng tuyển
1380336,Không trúng tuyển
1380027,Không trúng tuyển
1380184,Không trúng tuyển
1380250,Không trúng tuyển
1380051,Không trúng tuyển
1380195,Không trúng tuyển
1380239,Không trúng tuyển
1380356,Không trúng tuyển
1380358,Không trúng tuyển
1380475,Không trúng tuyển
1380048,Không trúng tuyển
1380196,Không trúng tuyển
1380604,Không trúng tuyển
1380213,Không trúng tuyển
1380511,Không trúng tuyển
1380019,Không trúng tuyển
1380150,Không trúng tuyển
1380173,Không trúng tuyển
1380488,Không trúng tuyển
1380561,Không trúng tuyển
1380141,Không trúng tuyển
1380519,Không trúng tuyển
1380355,Không trúng tuyển
1380401,Không trúng tuyển
1380498,Không trúng tuyển
1120463,Không trúng tuyển
1380347,Không trúng tuyển
1380039,Không trúng tuyển
1380055,Không trúng tuyển
1380136,Không trúng tuyển
1380307,Không trúng tuyển
1380304,Không trúng tuyển
1120470,Không trúng tuyển
1380335,Không trúng tuyển
1380432,Không trúng tuyển
1120332,Không trúng tuyển
1380059,Không trúng tuyển
1380309,Không trúng tuyển
1380332,Không trúng tuyển
1380391,Không trúng tuyển
1380484,Không trúng tuyển
1380541,Không trúng tuyển
1380237,Không trúng tuyển
1380494,Không trúng tuyển
1380128,Không trúng tuyển
1380265,Không trúng tuyển
1380354,Không trúng tuyển
1380577,Không trúng tuyển
1380590,Không trúng tuyển
1380170,Không trúng tuyển
1380350,Không trúng tuyển
1380629,Không trúng tuyển
1380142,Không trúng tuyển
1380238,Không trúng tuyển
1380499,Không trúng tuyển
1380090,Không trúng tuyển
1380277,Không trúng tuyển
1380349,Không trúng tuyển
1380581,Không trúng tuyển
1380612,Không trúng tuyển
1380112,Không trúng tuyển
1380285,Không trúng tuyển
1380422,Không trúng tuyển
1380594,Không trúng tuyển
1380153,Không trúng tuyển
1380329,Không trúng tuyển
1380419,Không trúng tuyển
1380080,Không trúng tuyển
1380053,Không trúng tuyển
1380328,Không trúng tuyển
1380661,Không trúng tuyển
1380558,Không trúng tuyển
1380149,Không trúng tuyển
1380447,Không trúng tuyển
1380525,Không trúng tuyển
1380030,Không trúng tuyển
1380159,Không trúng tuyển
1380167,Không trúng tuyển
1380510,Không trúng tuyển
1380526,Không trúng tuyển
1380046,Không trúng tuyển
1380244,Không trúng tuyển
1380450,Không trúng tuyển
1380423,Không trúng tuyển
1380443,Không trúng tuyển
1380495,Không trúng tuyển
1380550,Không trúng tuyển
1120420,Không trúng tuyển
1380241,Không trúng tuyển
1380635,Không trúng tuyển
1380340,Không trúng tuyển
1380323,Không trúng tuyển
1380007,Không trúng tuyển
1380308,Không trúng tuyển
1380617,Không trúng tuyển
1380452,Không trúng tuyển
1380178,Không trúng tuyển
1380293,Không trúng tuyển
1380023,Không trúng tuyển
1380068,Không trúng tuyển
1380231,Không trúng tuyển
1380433,Không trúng tuyển
1380528,Không trúng tuyển
1380261,Không trúng tuyển
1380305,Không trúng tuyển
1380275,Không trúng tuyển
1380314,Không trúng tuyển
1380642,Không trúng tuyển
1380212,Không trúng tuyển
1380194,Không trúng tuyển
1380015,Không trúng tuyển
1380223,Không trúng tuyển
1380387,Không trúng tuyển
1380368,Không trúng tuyển
1380645,Không trúng tuyển
1380218,Không trúng tuyển
1380117,Không trúng tuyển
1380135,Không trúng tuyển
1380099,Không trúng tuyển
1380425,Không trúng tuyển
1380584,Không trúng tuyển
1380322,Không trúng tuyển
1380640,Không trúng tuyển
1380166,Không trúng tuyển
1380040,Không trúng tuyển
1380565,Không trúng tuyển
1380126,Không trúng tuyển
1380518,Không trúng tuyển
1380289,Không trúng tuyển
1380300,Không trúng tuyển
1380540,Không trúng tuyển
1380176,Không trúng tuyển
1380033,Không trúng tuyển
1380470,Không trúng tuyển
